Date;Temp
1996-03-11;41
1996-03-18;9
1996-03-25;36
1996-04-01;6
1996-04-08;1
1996-04-15;19
1996-04-22;56
1996-04-29;53
1996-05-06;55
1996-05-13;25
1996-05-20;25
1996-05-27;20
1996-06-03;47
1996-06-10;16
1996-06-17;60
1996-06-24;60
1996-07-01;10
1996-07-08;37
1996-07-15;5
1996-07-22;25
1996-07-29;49
1996-08-05;9
1996-08-12;17
1996-08-19;1
1996-08-25;56
1996-09-01;50
1996-09-08;44
1996-09-15;60
1996-09-22;14
1996-09-29;38
1996-10-06;56
1996-10-13;43
1996-10-20;5
1996-10-27;15
1996-11-03;21
1996-11-10;13
1996-11-17;22
1996-11-24;55
1996-12-01;16
1996-12-08;3
1996-12-15;38
1996-12-22;24
1996-12-29;2
1997-01-05;47
1997-01-12;30
1997-01-19;32
1997-01-26;35
1997-02-02;47
1997-02-09;33
1997-02-16;57
1997-02-23;23
1997-03-02;58
1997-03-09;42
1997-03-16;5
1997-03-23;29
1997-03-30;51
1997-04-06;27
1997-04-13;30
1997-04-20;28
1997-04-27;38
1997-05-04;59
1997-05-11;52
1997-05-18;26
1997-05-25;8
1997-06-01;20
1997-06-08;15
1997-06-15;47
1997-06-22;53
1997-06-29;56
1997-07-06;40
1997-07-13;53
1997-07-20;19
1997-07-27;57
1997-08-03;2
1997-08-10;36
1997-08-17;33
1997-08-24;29
1997-08-31;22
1997-09-07;43
1997-09-14;51
1997-09-21;47
1997-09-28;51
1997-10-05;24
1997-10-12;10
1997-10-19;47
1997-10-26;54
1997-11-02;40
1997-11-09;45
1997-11-16;59
1997-11-23;21
1997-11-30;60
1997-12-07;5
1997-12-14;22
1997-12-21;28
1997-12-28;46
1998-01-04;4
1998-01-11;56
1998-01-18;43
1998-01-25;30
1998-02-01;46
1998-02-08;39
1998-02-15;44
1998-02-22;9
1998-03-01;13
1998-03-08;3
1998-03-15;24
1998-03-22;2
1998-03-29;60
1998-04-04;54
1998-04-11;57
1998-04-18;52
1998-04-25;37
1998-05-02;34
1998-05-09;47
1998-05-16;6
1998-05-23;36
1998-05-30;53
1998-06-06;22
1998-06-13;47
1998-06-20;46
1998-06-27;53
1998-07-04;20
1998-07-11;13
1998-07-18;52
1998-07-25;56
1998-08-01;32
1998-08-08;59
1998-08-15;23
1998-08-22;46
1998-08-29;13
1998-09-05;30
1998-09-12;44
1998-09-19;19
1998-09-26;60
1998-10-03;35
1998-10-10;17
1998-10-17;26
1998-10-24;41
1998-10-31;26
1998-11-07;55
1998-11-14;10
1998-11-21;20
1998-11-28;40
1998-12-05;8
1998-12-12;43
1998-12-19;51
1998-12-24;24
1998-12-31;32
1999-01-09;11
1999-01-16;50
1999-01-23;3
1999-01-30;12
1999-02-06;47
1999-02-13;8
1999-02-20;12
1999-02-27;52
1999-03-06;17
1999-03-13;58
1999-03-20;16
1999-03-27;13
1999-04-03;25
1999-04-10;23
1999-04-17;41
1999-04-24;4
1999-05-01;39
1999-05-08;60
1999-05-15;1
1999-05-22;45
1999-05-29;52
1999-06-05;7
1999-06-12;54
1999-06-19;49
1999-06-26;29
1999-07-03;11
1999-07-10;10
1999-07-17;28
1999-07-24;35
1999-07-31;5
1999-08-07;6
1999-08-14;39
1999-08-21;33
1999-08-28;46
1999-09-04;16
1999-09-11;9
1999-09-18;59
1999-09-25;24
1999-10-02;6
1999-10-10;34
1999-10-16;41
1999-10-24;32
1999-10-31;58
1999-11-06;1
1999-11-13;12
1999-11-20;32
1999-11-27;17
1999-12-04;32
1999-12-11;19
1999-12-18;40
1999-12-24;52
1999-12-31;12
2000-01-08;55
2000-01-15;49
2000-01-22;11
2000-01-29;31
2000-02-05;26
2000-02-12;20
2000-02-19;19
2000-02-26;23
2000-03-04;13
2000-03-11;37
2000-03-18;10
2000-03-25;29
2000-04-01;3
2000-04-08;30
2000-04-15;7
2000-04-22;35
2000-04-29;27
2000-05-06;54
2000-05-13;26
2000-05-20;36
2000-05-27;54
2000-06-03;5
2000-06-10;28
2000-06-17;20
2000-06-24;21
2000-07-01;2
2000-07-08;37
2000-07-15;16
2000-07-22;39
2000-07-29;56
2000-08-05;16
2000-08-12;29
2000-08-19;45
2000-08-26;15
2000-09-02;29
2000-09-09;10
2000-09-16;36
2000-09-23;15
2000-09-30;33
2000-10-07;59
2000-10-14;11
2000-10-21;22
2000-10-28;20
2000-11-04;19
2000-11-11;44
2000-11-18;2
2000-11-25;34
2000-12-02;56
2000-12-09;21
2000-12-16;55
2000-12-23;34
2000-12-30;17
2001-01-06;12
2001-01-13;4
2001-01-20;32
2001-01-27;21
2001-02-03;28
2001-02-10;12
2001-02-17;20
2001-02-24;43
2001-03-03;5
2001-03-10;53
2001-03-17;8
2001-03-24;5
2001-03-31;7
2001-04-07;38
2001-04-14;58
2001-04-21;21
2001-04-28;19
2001-05-05;45
2001-05-12;14
2001-05-19;36
2001-05-26;47
2001-06-02;11
2001-06-09;16
2001-06-16;53
2001-06-23;40
2001-06-30;22
2001-07-07;31
2001-07-14;5
2001-07-21;11
2001-07-28;33
2001-08-01;48
2001-08-04;8
2001-08-08;50
2001-08-11;44
2001-08-15;60
2001-08-18;50
2001-08-22;36
2001-08-25;57
2001-08-29;22
2001-09-01;24
2001-09-05;6
2001-09-08;28
2001-09-12;24
2001-09-15;20
2001-09-19;20
2001-09-22;22
2001-09-26;7
2001-09-29;27
2001-10-03;58
2001-10-06;25
2001-10-10;7
2001-10-13;42
2001-10-17;11
2001-10-20;30
2001-10-24;26
2001-10-27;55
2001-10-31;39
2001-11-03;28
2001-11-07;32
2001-11-10;14
2001-11-14;14
2001-11-17;5
2001-11-21;50
2001-11-24;28
2001-11-28;27
2001-12-01;19
2001-12-05;12
2001-12-08;20
2001-12-12;11
2001-12-15;18
2001-12-19;31
2001-12-22;22
2001-12-29;4
2002-01-05;52
2002-01-09;46
2002-01-12;51
2002-01-16;24
2002-01-19;2
2002-01-23;27
2002-01-26;28
2002-01-30;35
2002-02-02;41
2002-02-06;43
2002-02-09;2
2002-02-16;31
2002-02-20;48
2002-02-23;13
2002-02-27;10
2002-03-02;56
2002-03-06;29
2002-03-09;4
2002-03-13;33
2002-03-16;56
2002-03-20;56
2002-03-23;26
2002-03-27;39
2002-03-30;9
2002-04-03;23
2002-04-06;15
2002-04-10;49
2002-04-13;60
2002-04-17;40
2002-04-20;2
2002-04-24;54
2002-04-27;45
2002-05-04;40
2002-05-08;31
2002-05-11;47
2002-05-15;41
2002-05-18;37
2002-05-22;39
2002-05-25;59
2002-05-29;52
2002-06-01;6
2002-06-05;52
2002-06-08;13
2002-06-12;21
2002-06-15;51
2002-06-19;23
2002-06-22;24
2002-06-26;31
2002-06-29;54
2002-07-03;51
2002-07-06;25
2002-07-10;46
2002-07-13;55
2002-07-17;41
2002-07-20;47
2002-07-24;9
2002-07-27;54
2002-07-31;48
2002-08-03;28
2002-08-07;22
2002-08-10;39
2002-08-14;29
2002-08-17;52
2002-08-21;46
2002-08-24;7
2002-08-28;7
2002-08-31;49
2002-09-04;12
2002-09-07;15
2002-09-11;11
2002-09-14;47
2002-09-18;32
2002-09-21;28
2002-09-25;59
2002-09-28;29
2002-10-02;50
2002-10-05;27
2002-10-09;46
2002-10-12;24
2002-10-16;57
2002-10-19;47
2002-10-23;49
2002-10-26;49
2002-10-30;26
2002-11-02;31
2002-11-06;10
2002-11-09;45
2002-11-13;35
2002-11-16;35
2002-11-20;38
2002-11-23;13
2002-11-27;25
2002-11-30;45
2002-12-04;41
2002-12-07;43
2002-12-11;38
2002-12-14;60
2002-12-18;8
2002-12-21;29
2002-12-28;6
2003-01-04;7
2003-01-08;51
2003-01-11;60
2003-01-15;55
2003-01-18;50
2003-01-22;58
2003-01-25;50
2003-01-29;36
2003-02-01;24
2003-02-05;37
2003-02-08;1
2003-02-12;54
2003-02-15;38
2003-02-19;42
2003-02-22;46
2003-02-26;2
2003-03-01;15
2003-03-08;11
2003-03-12;48
2003-03-15;31
2003-03-19;11
2003-03-22;24
2003-03-26;5
2003-03-29;34
2003-04-02;59
2003-04-05;23
2003-04-09;54
2003-04-12;58
2003-04-16;4
2003-04-19;50
2003-04-23;17
2003-04-26;48
2003-04-30;43
2003-05-03;43
2003-05-07;19
2003-05-10;30
2003-05-14;27
2003-05-17;7
2003-05-21;6
2003-05-24;46
2003-05-28;28
2003-05-31;38
2003-06-04;23
2003-06-07;29
2003-06-11;51
2003-06-14;51
2003-06-18;12
2003-06-21;51
2003-06-25;34
2003-06-28;19
2003-07-02;38
2003-07-05;47
2003-07-09;30
2003-07-12;20
2003-07-16;36
2003-07-19;42
2003-07-23;13
2003-07-26;16
2003-07-30;53
2003-08-02;38
2003-08-06;50
2003-08-09;25
2003-08-13;30
2003-08-16;28
2003-08-20;5
2003-08-23;22
2003-08-27;57
2003-08-30;54
2003-09-03;28
2003-09-06;36
2003-09-10;41
2003-09-13;9
2003-09-17;49
2003-09-20;59
2003-09-27;35
2003-10-01;34
2003-10-04;50
2003-10-08;10
2003-10-11;39
2003-10-15;47
2003-10-18;31
2003-10-22;44
2003-10-25;46
2003-10-29;32
2003-11-01;30
2003-11-05;8
2003-11-08;8
2003-11-12;46
2003-11-15;15
2003-11-19;39
2003-11-22;24
2003-11-26;51
2003-11-29;44
2003-12-03;9
2003-12-06;32
2003-12-10;28
2003-12-13;49
2003-12-17;45
2003-12-20;47
2003-12-27;26
2004-01-03;3
2004-01-07;17
2004-01-10;34
2004-01-14;56
2004-01-17;32
2004-01-21;3
2004-01-24;13
2004-01-28;27
2004-01-31;48
2004-02-04;49
2004-02-07;14
2004-02-11;37
2004-02-14;45
2004-02-18;16
2004-02-21;22
2004-02-28;58
2004-03-03;49
2004-03-06;35
2004-03-10;11
2004-03-13;43
2004-03-17;46
2004-03-20;4
2004-03-24;51
2004-03-27;13
2004-03-31;17
2004-04-03;56
2004-04-07;22
2004-04-10;43
2004-04-14;47
2004-04-17;49
2004-04-21;8
2004-04-24;18
2004-04-28;59
2004-05-01;53
2004-05-05;32
2004-05-08;39
2004-05-12;37
2004-05-15;34
2004-05-19;38
2004-05-22;31
2004-05-26;17
2004-05-29;57
2004-06-02;25
2004-06-05;32
2004-06-09;35
2004-06-12;14
2004-06-16;33
2004-06-19;59
2004-06-23;32
2004-06-26;18
2004-06-30;18
2004-07-03;31
2004-07-07;48
2004-07-10;15
2004-07-14;38
2004-07-17;30
2004-07-21;13
2004-07-24;55
2004-07-28;30
2004-07-31;24
2004-08-04;45
2004-08-07;30
2004-08-11;45
2004-08-14;13
2004-08-18;25
2004-08-21;58
2004-08-25;55
2004-08-28;27
2004-09-01;10
2004-09-04;54
2004-09-08;43
2004-09-11;42
2004-09-15;5
2004-09-18;6
2004-09-22;18
2004-09-25;37
2004-09-29;38
2004-10-02;4
2004-10-06;41
2004-10-09;44
2004-10-13;41
2004-10-16;6
2004-10-20;30
2004-10-23;15
2004-10-27;25
2004-10-30;22
2004-11-03;55
2004-11-06;54
2004-11-10;60
2004-11-13;27
2004-11-17;24
2004-11-20;25
2004-11-24;60
2004-11-27;16
2004-12-01;22
2004-12-04;29
2004-12-08;59
2004-12-11;42
2004-12-15;39
2004-12-18;59
2004-12-22;49
2004-12-29;19
2005-01-05;8
2005-01-08;40
2005-01-12;16
2005-01-15;1
2005-01-19;2
2005-01-22;27
2005-01-26;13
2005-01-29;49
2005-02-02;30
2005-02-05;52
2005-02-12;42
2005-02-16;51
2005-02-19;12
2005-02-23;17
2005-02-26;51
2005-03-02;14
2005-03-05;57
2005-03-09;52
2005-03-12;13
2005-03-16;56
2005-03-19;5
2005-03-23;9
2005-03-26;53
2005-03-30;39
2005-04-02;24
2005-04-06;31
2005-04-09;10
2005-04-13;26
2005-04-16;59
2005-04-20;20
2005-04-23;41
2005-04-27;14
2005-04-30;53
2005-05-04;42
2005-05-07;4
2005-05-11;1
2005-05-14;12
2005-05-18;8
2005-05-21;7
2005-05-25;5
2005-05-28;49
2005-06-01;7
2005-06-04;42
2005-06-08;27
2005-06-11;43
2005-06-15;6
2005-06-18;22
2005-06-22;50
2005-06-25;49
2005-06-29;25
2005-07-02;44
2005-07-06;37
2005-07-09;44
2005-07-13;59
2005-07-16;60
2005-07-20;43
2005-07-23;50
2005-07-27;33
2005-07-30;33
2005-08-03;59
2005-08-06;47
2005-08-10;6
2005-08-13;15
2005-08-17;55
2005-08-20;33
2005-08-24;14
2005-08-27;15
2005-08-31;13
2005-09-03;37
2005-09-10;53
2005-09-14;22
2005-09-19;53
2005-09-21;2
2005-09-24;13
2005-09-28;1
2005-10-01;30
2005-10-05;2
2005-10-08;3
2005-10-15;22
2005-10-19;51
2005-10-22;45
2005-10-26;29
2005-10-29;46
2005-11-05;10
2005-11-09;35
2005-11-12;46
2005-11-16;17
2005-11-19;54
2005-11-23;29
2005-11-26;28
2005-11-30;7
2005-12-03;39
2005-12-07;12
2005-12-10;14
2005-12-14;60
2005-12-17;16
2005-12-21;34
2005-12-31;49
2006-01-04;40
2006-01-07;14
2006-01-11;44
2006-01-14;33
2006-01-18;45
2006-01-21;35
2006-01-25;49
2006-01-28;12
2006-02-01;44
2006-02-04;40
2006-02-08;1
2006-02-11;33
2006-02-15;15
2006-02-18;6
2006-02-22;29
2006-02-25;26
2006-03-01;34
2006-03-04;54
2006-03-08;26
2006-03-11;21
2006-03-15;49
2006-03-18;21
2006-03-22;1
2006-03-25;24
2006-03-29;58
2006-04-01;4
2006-04-05;25
2006-04-08;59
2006-04-12;4
2006-04-15;59
2006-04-19;37
2006-04-22;17
2006-04-26;47
2006-04-29;59
2006-05-03;12
2006-05-06;56
2006-05-10;39
2006-05-13;40
2006-05-18;7
2006-05-21;3
2006-05-24;1
2006-05-27;22
2006-05-31;33
2006-06-03;20
2006-06-07;4
2006-06-10;29
2006-06-14;38
2006-06-17;3
2006-06-21;37
2006-06-24;27
2006-06-28;57
2006-07-01;14
2006-07-05;45
2006-07-08;36
2006-07-12;10
2006-07-15;10
2006-07-19;11
2006-07-22;43
2006-07-26;42
2006-07-29;35
2006-08-02;27
2006-08-05;37
2006-08-09;31
2006-08-12;60
2006-08-16;22
2006-08-19;42
2006-08-23;43
2006-08-26;3
2006-08-30;56
2006-09-02;14
2006-09-06;19
2006-09-09;58
2006-09-13;32
2006-09-16;29
2006-09-20;1
2006-09-23;20
2006-09-27;14
2006-09-30;10
2006-10-04;13
2006-10-07;30
2006-10-12;60
2006-10-14;8
2006-10-18;15
2006-10-21;25
2006-10-25;4
2006-10-28;32
2006-11-01;57
2006-11-04;23
2006-11-08;11
2006-11-11;57
2006-11-16;21
2006-11-18;34
2006-11-22;44
2006-11-25;51
2006-11-29;17
2006-12-02;4
2006-12-06;4
2006-12-09;15
2006-12-13;33
2006-12-16;28
2006-12-19;45
2006-12-21;24
2006-12-23;23
2006-12-31;32
2007-01-03;53
2007-01-06;3
2007-01-10;17
2007-01-13;53
2007-01-17;44
2007-01-20;58
2007-01-24;28
2007-01-27;16
2007-01-31;9
2007-02-03;11
2007-02-07;43
2007-02-10;36
2007-02-14;51
2007-02-17;34
2007-02-24;54
2007-02-28;40
2007-03-03;47
2007-03-07;42
2007-03-10;56
2007-03-14;8
2007-03-17;60
2007-03-21;16
2007-03-24;14
2007-03-28;51
2007-03-31;17
2007-04-04;42
2007-04-07;11
2007-04-11;17
2007-04-14;31
2007-04-18;46
2007-04-23;22
2007-04-25;42
2007-04-28;19
2007-05-02;32
2007-05-05;31
2007-05-09;27
2007-05-12;36
2007-05-16;54
2007-05-19;57
2007-05-23;29
2007-05-26;52
2007-05-30;17
2007-06-02;18
2007-06-06;57
2007-06-09;59
2007-06-13;53
2007-06-16;4
2007-06-20;13
2007-06-23;37
2007-06-27;29
2007-06-30;51
2007-07-04;43
2007-07-07;42
2007-07-11;21
2007-07-14;22
2007-07-18;13
2007-07-21;50
2007-07-25;44
2007-07-28;50
2007-08-01;34
2007-08-04;9
2007-08-08;15
2007-08-11;1
2007-08-15;56
2007-08-18;37
2007-08-22;2
2007-08-25;31
2007-08-29;21
2007-09-01;4
2007-09-05;58
2007-09-08;4
2007-09-12;32
2007-09-15;52
2007-09-19;17
2007-09-22;32
2007-09-26;4
2007-09-29;35
2007-10-03;9
2007-10-06;19
2007-10-10;42
2007-10-13;53
2007-10-17;49
2007-10-20;26
2007-10-24;30
2007-10-27;33
2007-10-31;20
2007-11-03;33
2007-11-07;23
2007-11-10;38
2007-11-14;43
2007-11-17;17
2007-11-21;35
2007-11-24;41
2007-11-28;53
2007-12-01;51
2007-12-05;52
2007-12-08;40
2007-12-12;36
2007-12-15;32
2007-12-19;16
2007-12-22;46
2007-12-31;17
2008-01-05;2
2008-01-09;25
2008-01-12;25
2008-01-16;7
2008-01-19;5
2008-01-23;22
2008-01-26;35
2008-01-30;6
2008-02-02;25
2008-02-06;11
2008-02-09;5
2008-02-13;47
2008-02-16;16
2008-02-20;44
2008-02-23;59
2008-02-27;33
2008-03-01;22
2008-03-05;44
2008-03-08;48
2008-03-12;49
2008-03-15;54
2008-03-19;55
2008-03-22;8
2008-03-26;35
2008-03-29;46
2008-04-02;50
2008-04-05;13
2008-04-09;57
2008-04-12;34
2008-04-16;16
2008-04-19;2
2008-04-23;37
2008-04-26;42
2008-04-30;36
2008-05-03;1
2008-05-07;18
2008-05-10;30
2008-05-14;56
2008-05-17;57
2008-05-21;4
2008-05-24;33
2008-05-28;53
2008-05-31;45
2008-06-04;33
2008-06-07;28
2008-06-11;17
2008-06-14;42
2008-06-18;28
2008-06-21;35
2008-06-25;8
2008-06-28;12
2008-07-02;38
2008-07-05;46
2008-07-09;4
2008-07-12;32
2008-07-16;47
2008-07-19;48
2008-07-23;38
2008-07-26;29
2008-07-30;8
2008-08-02;6
2008-08-06;26
2008-08-09;44
2008-08-13;4
2008-08-16;21
2008-08-20;18
2008-08-23;28
2008-08-27;44
2008-08-30;49
2008-09-03;15
2008-09-06;3
2008-09-10;10
2008-09-13;45
2008-09-17;6
2008-09-20;48
2008-09-24;49
2008-09-27;7
2008-10-01;34
2008-10-04;2
2008-10-08;30
2008-10-11;47
2008-10-15;7
2008-10-18;60
2008-10-22;49
2008-10-25;11
2008-10-29;31
2008-11-01;55
2008-11-05;29
2008-11-08;19
2008-11-12;42
2008-11-16;31
2008-11-19;45
2008-11-22;28
2008-11-26;52
2008-11-29;10
2008-12-03;20
2008-12-06;54
2008-12-10;17
2008-12-13;57
2008-12-17;49
2008-12-20;57
2008-12-24;39
2008-12-27;20
2008-12-31;51
2009-01-03;27
2009-01-07;56
2009-01-10;51
2009-01-14;52
2009-01-17;44
2009-01-21;12
2009-01-24;25
2009-01-28;25
2009-01-31;58
2009-02-04;31
2009-02-07;57
2009-02-11;1
2009-02-14;57
2009-02-18;34
2009-02-21;60
2009-02-25;57
2009-02-28;8
2009-03-04;15
2009-03-07;41
2009-03-11;27
2009-03-14;38
2009-03-18;15
2009-03-21;20
2009-03-25;37
2009-03-28;1
2009-04-01;9
2009-04-04;55
2009-04-08;49
2009-04-11;28
2009-04-15;7
2009-04-18;10
2009-04-22;14
2009-04-25;44
2009-04-29;28
2009-05-02;41
2009-05-06;5
2009-05-09;19
2009-05-13;44
2009-05-16;3
2009-05-20;53
2009-05-23;32
2009-05-27;11
2009-05-30;3
2009-06-03;36
2009-06-06;56
2009-06-10;9
2009-06-13;4
2009-06-17;20
2009-06-20;20
2009-06-24;39
2009-06-27;45
2009-07-01;36
2009-07-04;24
2009-07-08;37
2009-07-11;24
2009-07-15;27
2009-07-18;40
2009-07-22;27
2009-07-25;10
2009-07-29;27
2009-08-01;3
2009-08-05;21
2009-08-08;30
2009-08-12;55
2009-08-15;41
2009-08-19;7
2009-08-22;46
2009-08-26;41
2009-08-29;3
2009-09-02;43
2009-09-05;4
2009-09-09;36
2009-09-12;60
2009-09-16;11
2009-09-19;26
2009-09-23;4
2009-09-26;4
2009-09-30;47
2009-10-03;16
2009-10-07;44
2009-10-10;17
2009-10-14;27
2009-10-17;55
2009-10-21;44
2009-10-24;50
2009-10-28;18
2009-10-31;49
2009-11-04;19
2009-11-07;49
2009-11-11;7
2009-11-14;59
2009-11-18;24
2009-11-21;60
2009-11-25;47
2009-11-28;23
2009-12-02;49
2009-12-05;52
2009-12-09;16
2009-12-12;29
2009-12-16;5
2009-12-19;7
2009-12-22;21
2009-12-24;4
2009-12-26;36
2009-12-31;49
2010-01-02;40
2010-01-06;28
2010-01-09;35
2010-01-13;19
2010-01-16;19
2010-01-20;10
2010-01-23;23
2010-01-27;48
2010-01-30;46
2010-02-03;28
2010-02-06;1
2010-02-10;47
2010-02-13;55
2010-02-17;4
2010-02-20;28
2010-02-24;31
2010-02-27;46
2010-03-03;23
2010-03-06;53
2010-03-10;40
2010-03-13;48
2010-03-17;31
2010-03-20;5
2010-03-24;17
2010-03-27;20
2010-03-31;35
2010-04-03;43
2010-04-07;47
2010-04-10;14
2010-04-14;46
2010-04-17;41
2010-04-20;28
2010-04-24;7
2010-04-28;7
2010-04-30;2
2010-05-05;21
2010-05-08;33
2010-05-12;1
2010-05-15;59
2010-05-19;60
2010-05-22;44
2010-05-26;52
2010-05-29;12
2010-06-02;4
2010-06-05;54
2010-06-09;41
2010-06-12;8
2010-06-16;60
2010-06-19;50
2010-06-23;11
2010-06-26;25
2010-06-30;49
2010-07-03;12
2010-07-07;24
2010-07-10;27
2010-07-14;60
2010-07-17;39
2010-07-21;29
2010-07-24;58
2010-07-28;10
2010-07-31;36
2010-08-04;9
2010-08-07;55
2010-08-11;10
2010-08-14;14
2010-08-18;2
2010-08-21;32
2010-08-25;45
2010-08-28;30
2010-09-01;3
2010-09-04;36
2010-09-08;35
2010-09-11;3
2010-09-15;5
2010-09-18;47
2010-09-22;7
2010-09-25;5
2010-09-29;33
2010-10-02;34
2010-10-06;48
2010-10-09;46
2010-10-13;26
2010-10-16;17
2010-10-20;41
2010-10-23;32
2010-10-27;31
2010-10-30;35
2010-11-03;36
2010-11-06;12
2010-11-10;37
2010-11-13;20
2010-11-17;12
2010-11-20;49
2010-11-24;3
2010-11-27;16
2010-12-01;17
2010-12-04;26
2010-12-08;40
2010-12-11;15
2010-12-15;22
2010-12-18;13
2010-12-20;54
2010-12-22;32
2010-12-24;45
2010-12-31;34
2011-01-05;59
2011-01-08;9
2011-01-12;20
2011-01-15;3
2011-01-19;59
2011-01-22;48
2011-01-26;35
2011-01-29;2
2011-02-02;9
2011-02-05;23
2011-02-09;26
2011-02-12;27
2011-02-16;47
2011-02-19;39
2011-02-23;19
2011-02-26;10
2011-03-02;11
2011-03-05;41
2011-03-09;56
2011-03-12;13
2011-03-16;39
2011-03-19;47
2011-03-23;17
2011-03-26;51
2011-03-30;31
2011-04-02;2
2011-04-06;28
2011-04-09;60
2011-04-13;13
2011-04-16;58
2011-04-20;9
2011-04-23;50
2011-04-27;4
2011-04-30;8
2011-05-04;29
2011-05-07;36
2011-05-11;4
2011-05-14;59
2011-05-18;26
2011-05-21;33
2011-05-25;5
2011-05-28;33
2011-06-01;42
2011-06-04;13
2011-06-08;14
2011-06-11;18
2011-06-15;30
2011-06-18;24
2011-06-22;6
2011-06-25;20
2011-06-29;49
2011-07-02;2
2011-07-06;60
2011-07-09;56
2011-07-13;46
2011-07-16;16
2011-07-20;44
2011-07-23;19
2011-07-27;35
2011-07-30;44
2011-08-03;45
2011-08-06;10
2011-08-09;24
2011-08-11;7
2011-08-13;14
2011-08-17;54
2011-08-20;28
2011-08-24;39
2011-08-27;42
2011-08-31;27
2011-09-03;48
2011-09-08;35
2011-09-10;34
2011-09-14;16
2011-09-17;38
2011-09-21;51
2011-09-24;55
2011-09-28;25
2011-10-01;29
2011-10-05;35
2011-10-08;30
2011-10-13;41
2011-10-15;43
2011-10-19;43
2011-10-22;48
2011-10-26;24
2011-10-29;5
2011-11-03;25
2011-11-05;8
2011-11-09;49
2011-11-12;51
2011-11-16;38
2011-11-19;19
2011-11-23;59
2011-11-26;36
2011-11-30;11
2011-12-03;5
2011-12-07;51
2011-12-10;19
2011-12-14;50
2011-12-17;59
2011-12-20;19
2011-12-22;38
2011-12-24;9
2011-12-31;4
2012-01-04;13
2012-01-07;35
2012-01-11;47
2012-01-14;2
2012-01-18;39
2012-01-21;21
2012-01-25;55
2012-01-28;16
2012-02-01;12
2012-02-04;50
2012-02-08;37
2012-02-11;58
2012-02-15;52
2012-02-18;20
2012-02-22;50
2012-02-25;59
2012-03-01;38
2012-03-03;10
2012-03-07;32
2012-03-10;2
2012-03-14;47
2012-03-17;46
2012-03-21;52
2012-03-24;21
2012-03-28;25
2012-03-31;53
2012-04-04;25
2012-04-07;18
2012-04-11;45
2012-04-14;52
2012-04-18;44
2012-04-20;17
2012-04-25;9
2012-04-28;56
2012-05-02;42
2012-05-05;39
2012-05-09;43
2012-05-12;54
2012-05-16;1
2012-05-19;29
2012-05-23;19
2012-05-26;43
2012-05-30;44
2012-06-02;11
2012-06-06;5
2012-06-09;52
2012-06-13;15
2012-06-16;42
2012-06-20;39
2012-06-23;34
2012-06-27;12
2012-06-30;38
2012-07-04;16
2012-07-07;7
2012-07-11;14
2012-07-14;7
2012-07-18;53
2012-07-21;43
2012-07-25;50
2012-07-28;54
2012-08-01;32
2012-08-04;6
2012-08-07;54
2012-08-09;44
2012-08-11;51
2012-08-15;49
2012-08-18;12
2012-08-22;7
2012-08-25;52
2012-08-29;45
2012-09-01;31
2012-09-05;17
2012-09-08;43
2012-09-12;60
2012-09-15;7
2012-09-19;24
2012-09-22;47
2012-09-26;15
2012-09-29;9
2012-10-03;19
2012-10-06;33
2012-10-10;16
2012-10-13;14
2012-10-17;3
2012-10-20;45
2012-10-24;1
2012-10-27;48
2012-10-31;49
2012-11-03;35
2012-11-07;6
2012-11-10;56
2012-11-14;12
2012-11-17;52
2012-11-21;2
2012-11-24;41
2012-11-28;13
2012-12-01;1
2012-12-05;25
2012-12-08;2
2012-12-12;27
2012-12-15;57
2012-12-18;50
2012-12-20;47
2012-12-22;27
2012-12-31;33
2013-01-02;36
2013-01-05;34
2013-01-09;2
2013-01-12;2
2013-01-16;50
2013-01-19;44
2013-01-23;5
2013-01-26;40
2013-01-30;59
2013-02-02;11
2013-02-06;4
2013-02-09;41
2013-02-13;2
2013-02-16;4
2013-02-20;2
2013-02-23;58
2013-02-27;12
2013-03-02;60
2013-03-06;2
2013-03-09;13
2013-03-13;26
2013-03-16;50
2013-03-20;10
2013-03-23;57
2013-03-27;9
2013-03-30;40
2013-04-03;11
2013-04-06;55
2013-04-10;49
2013-04-13;30
2013-04-17;10
2013-04-20;4
2013-04-24;4
2013-04-27;48
2013-05-02;31
2013-05-04;56
2013-05-08;48
2013-05-11;30
2013-05-15;50
2013-05-18;13
2013-05-22;28
2013-05-25;58
2013-05-29;11
2013-06-01;26
2013-06-05;57
2013-06-08;13
2013-06-12;6
2013-06-15;36
2013-06-19;41
2013-06-22;32
2013-06-26;49
2013-06-29;46
2013-07-03;58
2013-07-06;27
2013-07-10;1
2013-07-13;8
2013-07-17;35
2013-07-20;31
2013-07-24;23
2013-07-27;59
2013-07-31;34
2013-08-03;45
2013-08-06;28
2013-08-08;6
2013-08-10;36
2013-08-14;18
2013-08-17;33
2013-08-21;25
2013-08-24;40
2013-08-28;30
2013-08-31;51
2013-09-04;32
2013-09-06;4
2013-09-11;35
2013-09-14;53
2013-09-18;24
2013-09-21;42
2013-09-25;29
2013-09-28;28
2013-10-02;55
2013-10-05;18
2013-10-09;6
2013-10-11;35
2013-10-16;10
2013-10-19;54
2013-10-23;37
2013-10-26;7
2013-10-30;30
2013-11-01;30
2013-11-06;6
2013-11-09;38
2013-11-13;28
2013-11-16;44
2013-11-20;32
2013-11-23;21
2013-11-27;2
2013-11-30;7
2013-12-04;29
2013-12-07;30
2013-12-11;5
2013-12-14;7
2013-12-17;46
2013-12-19;31
2013-12-21;37
2013-12-31;30
2014-01-02;28
2014-01-04;12
2014-01-09;43
2014-01-11;54
2014-01-15;43
2014-01-18;11
2014-01-22;53
2014-01-25;28
2014-01-29;42
2014-02-01;18
2014-02-05;46
2014-02-08;46
2014-02-12;7
2014-02-15;6
2014-02-19;1
2014-02-22;26
2014-02-26;25
2014-03-01;6
2014-03-05;34
2014-03-08;1
2014-03-12;31
2014-03-15;4
2014-03-19;18
2014-03-22;27
2014-03-26;55
2014-03-29;47
2014-04-02;8
2014-04-05;36
2014-04-09;11
2014-04-12;40
2014-04-16;4
2014-04-19;41
2014-04-23;4
2014-04-26;53
2014-04-30;59
2014-05-03;5
2014-05-07;16
2014-05-10;36
2014-05-14;35
2014-05-17;9
2014-05-21;60
2014-05-24;8
2014-05-28;13
2014-05-31;21
2014-06-04;42
2014-06-07;54
2014-06-11;32
2014-06-14;6
2014-06-18;2
2014-06-21;36
2014-06-25;24
2014-06-28;17
2014-07-02;31
2014-07-05;49
2014-07-09;26
2014-07-12;46
2014-07-16;23
2014-07-19;9
2014-07-23;46
2014-07-26;57
2014-07-30;24
2014-08-02;21
2014-08-05;33
2014-08-07;32
2014-08-09;45
2014-08-13;3
2014-08-16;26
2014-08-20;38
2014-08-23;47
2014-08-27;30
2014-08-30;47
2014-09-03;18
2014-09-06;2
2014-09-10;44
2014-09-13;30
2014-09-17;33
2014-09-20;5
2014-09-24;38
2014-09-27;35
2014-10-01;6
2014-10-04;51
2014-10-08;47
2014-10-11;19
2014-10-15;10
2014-10-18;31
2014-10-22;34
2014-10-25;38
2014-10-29;48
2014-11-01;54
2014-11-05;23
2014-11-08;27
2014-11-12;44
2014-11-14;45
2014-11-19;50
2014-11-22;56
2014-11-26;6
2014-11-29;10
2014-12-03;7
2014-12-06;20
2014-12-10;17
2014-12-13;16
2014-12-17;57
2014-12-20;20
2014-12-24;48
2014-12-31;20
2015-01-03;51
2015-01-07;51
2015-01-10;47
2015-01-14;29
2015-01-17;1
2015-01-21;21
2015-01-24;20
2015-01-28;35
2015-01-31;42
2015-02-04;36
2015-02-07;2
2015-02-11;52
2015-02-14;35
2015-02-18;28
2015-02-21;37
2015-02-25;1
2015-02-28;13
2015-03-04;48
2015-03-07;9
2015-03-11;39
2015-03-14;44
2015-03-18;15
2015-03-21;18
2015-03-25;41
2015-03-28;24
2015-04-01;39
2015-04-04;44
2015-04-08;19
2015-04-11;34
2015-04-15;36
2015-04-18;12
2015-04-22;8
2015-04-25;24
2015-04-29;1
2015-05-02;58
2015-05-05;9
2015-05-07;39
2015-05-09;49
2015-05-13;11
2015-05-16;50
2015-05-20;12
2015-05-23;36
2015-05-27;38
2015-05-30;30
2015-06-03;59
2015-06-06;38
2015-06-10;50
2015-06-13;3
2015-06-17;51
2015-06-20;20
2015-06-24;25
2015-06-27;9
2015-07-01;30
2015-07-04;44
2015-07-07;49
2015-07-09;12
2015-07-11;41
2015-07-15;27
2015-07-18;27
2015-07-22;26
2015-07-25;42
2015-07-29;4
2015-08-01;28
2015-08-04;53
2015-08-06;1
2015-08-08;59
2015-08-12;25
2015-08-15;5
2015-08-19;52
2015-08-22;46
2015-08-26;13
2015-08-29;59
2015-09-02;53
2015-09-05;34
2015-09-09;38
2015-09-12;49
2015-09-16;23
2015-09-19;34
2015-09-23;12
2015-09-26;13
2015-09-30;37
2015-10-03;53
2015-10-07;2
2015-10-10;33
2015-10-13;17
2015-10-15;42
2015-10-17;36
2015-10-21;54
2015-10-24;20
2015-10-28;48
2015-10-31;28
2015-11-04;43
2015-11-07;6
2015-11-10;2
2015-11-13;25
2015-11-14;53
2015-11-18;45
2015-11-21;21
2015-11-25;6
2015-11-28;1
2015-12-02;60
2015-12-05;44
2015-12-09;35
2015-12-12;32
2015-12-16;34
2015-12-19;38
2015-12-22;27
2015-12-24;45
2015-12-26;1
2015-12-31;31
2016-01-02;39
2016-01-06;55
2016-01-09;4
2016-01-12;25
2016-01-14;20
2016-01-16;22
2016-01-20;34
2016-01-23;38
2016-01-27;30
2016-01-30;27
2016-02-02;34
2016-02-04;1
2016-02-06;42
2016-02-10;57
2016-02-13;28
2016-02-17;55
2016-02-20;47
2016-02-24;56
2016-02-27;1
2016-03-02;55
2016-03-05;54
2016-03-08;2
2016-03-10;9
2016-03-12;53
2016-03-16;31
2016-03-19;19
2016-03-23;6
2016-03-26;4
2016-03-30;20
2016-04-02;17
2016-04-06;11
2016-04-09;43
2016-04-13;20
2016-04-16;23
2016-04-20;56
2016-04-23;32
2016-04-27;45
2016-04-30;51
2016-05-03;53
2016-05-05;60
2016-05-07;12
2016-05-11;47
2016-05-14;10
2016-05-18;37
2016-05-21;27
2016-05-25;53
2016-05-28;22
2016-06-01;54
2016-06-04;19
2016-06-07;21
2016-06-09;43
2016-06-11;43
2016-06-15;40
2016-06-18;53
2016-06-22;29
2016-06-25;55
2016-06-29;34
2016-07-02;2
2016-07-06;2
2016-07-09;50
2016-07-12;59
2016-07-14;41
2016-07-16;59
2016-07-20;28
2016-07-23;33
2016-07-27;6
2016-07-30;18
2016-08-03;28
2016-08-06;4
2016-08-09;9
2016-08-11;49
2016-08-13;45
2016-08-17;58
2016-08-20;35
2016-08-24;24
2016-08-27;35
2016-08-31;29
2016-09-03;2
2016-09-08;59
2016-09-10;6
2016-09-14;14
2016-09-17;53
2016-09-20;55
2016-09-22;13
2016-09-24;10
2016-09-28;45
2016-10-01;8
2016-10-05;23
2016-10-08;5
2016-10-13;42
2016-10-15;14
2016-10-18;3
2016-10-20;25
2016-10-22;11
2016-10-26;30
2016-10-29;17
2016-11-03;39
2016-11-05;25
2016-11-08;43
2016-11-10;53
2016-11-12;7
2016-11-16;35
2016-11-19;56
2016-11-23;20
2016-11-26;19
2016-11-30;30
2016-12-03;41
2016-12-07;28
2016-12-10;38
2016-12-14;59
2016-12-17;7
2016-12-20;23
2016-12-22;48
2016-12-24;30
2016-12-31;5
2017-01-04;47
2017-01-07;50
2017-01-11;17
2017-01-14;31
2017-01-18;3
2017-01-21;25
2017-01-25;52
2017-01-28;53
2017-02-01;48
2017-02-04;46
2017-02-08;30
2017-02-11;25
2017-02-15;9
2017-02-18;21
2017-02-21;43
2017-02-23;27
2017-02-25;3
2017-03-01;10
2017-03-04;47
2017-03-08;9
2017-03-11;32
2017-03-15;42
2017-03-18;14
2017-03-22;39
2017-03-25;57
2017-03-29;3
2017-04-01;4
2017-04-05;22
2017-04-08;60
2017-04-12;39
2017-04-15;19
2017-04-19;20
2017-04-22;46
2017-04-26;16
2017-04-29;47
2017-05-03;46
2017-05-06;11
2017-05-09;28
2017-05-11;10
2017-05-13;17
2017-05-17;34
2017-05-20;55
2017-05-24;15
2017-05-27;56
2017-05-31;24
2017-06-03;51
2017-06-07;10
2017-06-10;10
2017-06-14;39
2017-06-17;36
2017-06-21;38
2017-06-24;48
2017-06-28;43
2017-07-01;8
2017-07-04;8
2017-07-06;6
2017-07-08;52
2017-07-12;28
2017-07-15;30
2017-07-19;32
2017-07-22;55
2017-07-26;9
2017-07-29;45
2017-08-02;40
2017-08-05;15
2017-08-08;20
2017-08-10;23
2017-08-12;55
2017-08-16;56
2017-08-19;43
2017-08-23;50
2017-08-26;39
2017-08-30;34
2017-09-02;32
2017-09-06;28
2017-09-09;19
2017-09-13;32
2017-09-16;35
2017-09-19;30
2017-09-21;10
2017-09-23;54
2017-09-27;20
2017-09-30;17
2017-10-04;19
2017-10-07;8
2017-10-11;52
2017-10-14;28
2017-10-17;6
2017-10-19;38
2017-10-21;18
2017-10-25;15
2017-10-28;46
2017-11-01;14
2017-11-04;43
2017-11-07;9
2017-11-09;55
2017-11-11;10
2017-11-16;5
2017-11-18;40
2017-11-22;37
2017-11-25;19
2017-11-29;21
2017-12-02;50
2017-12-06;44
2017-12-09;14
2017-12-13;56
2017-12-16;14
2017-12-19;57
2017-12-21;42
2017-12-31;6
2018-01-03;22
2018-01-06;59
2018-01-10;40
2018-01-13;45
2018-01-17;22
2018-01-20;20
2018-01-24;41
2018-01-27;27
2018-01-31;1
2018-02-03;18
2018-02-06;28
2018-02-08;11
2018-02-10;6
2018-02-14;46
2018-02-17;18
2018-02-21;11
2018-02-24;56
2018-02-28;55
2018-03-03;41
2018-03-07;2
2018-03-10;32
2018-03-14;28
2018-03-17;23
2018-03-21;29
2018-03-24;52
2018-03-28;51
2018-03-31;11
2018-04-04;7
2018-04-07;15
2018-04-11;38
2018-04-14;23
2018-04-17;19
2018-04-20;40
2018-04-25;7
2018-04-28;52
2018-05-02;23
2018-05-05;60
2018-05-08;26
2018-05-10;28
2018-05-12;56
2018-05-16;10
2018-05-19;33
2018-05-23;53
2018-05-26;14
2018-05-30;27
2018-06-02;27
2018-06-06;18
2018-06-09;10
2018-06-13;19
2018-06-16;33
2018-06-20;37
2018-06-23;57
2018-06-27;12
2018-06-30;39
2018-07-03;53
2018-07-05;29
2018-07-07;37
2018-07-11;19
2018-07-14;5
2018-07-18;11
2018-07-21;33
2018-07-25;8
2018-07-28;10
2018-08-01;55
2018-08-04;4
2018-08-08;27
2018-08-11;59
2018-08-14;5
2018-08-16;40
2018-08-18;5
2018-08-22;35
2018-08-25;22
2018-08-29;55
2018-09-01;42
2018-09-05;7
2018-09-08;6
2018-09-12;37
2018-09-15;30
2018-09-18;55
2018-09-20;58
2018-09-22;40
2018-09-26;25
2018-09-29;56
2018-10-03;20
2018-10-06;25
2018-10-10;4
2018-10-13;19
2018-10-17;24
2018-10-20;38
2018-10-23;11
2018-10-25;12
2018-10-27;13
2018-10-31;54
2018-11-03;4
2018-11-07;49
2018-11-10;11
2018-11-14;51
2018-11-17;2
2018-11-21;30
2018-11-24;1
2018-11-28;58
2018-12-01;6
2018-12-04;13
2018-12-06;12
2018-12-08;16
2018-12-12;27
2018-12-15;50
2018-12-18;44
2018-12-20;4
2018-12-31;25
2019-01-02;54
2019-01-05;17
2019-01-09;11
2019-01-12;35
2019-01-15;19
2019-01-17;21
2019-01-19;28
2019-01-23;41
2019-01-26;42
2019-01-30;38
2019-02-02;37
2019-02-06;27
2019-02-09;47
2019-02-13;31
2019-02-16;44
2019-02-20;58
2019-02-23;7
2019-02-26;24
2019-02-28;60
2019-03-02;13
2019-03-06;28
2019-03-09;5
2019-03-13;26
2019-03-16;54
2019-03-20;23
2019-03-23;35
2019-03-27;2
2019-03-30;30
2019-04-03;58
2019-04-06;20
2019-04-10;10
2019-04-13;44
2019-04-17;12
2019-04-20;21
2019-04-24;6
2019-04-27;39
2019-05-02;49
2019-05-04;59
2019-05-08;21
2019-05-11;38
2019-05-15;36
2019-05-18;49
2019-05-22;13
2019-05-25;53
2019-05-29;37
2019-06-01;49
2019-06-05;34
2019-06-08;9
2019-06-12;53
2019-06-15;53
2019-06-19;24
2019-06-22;11
2019-06-26;45
2019-06-29;48
2019-07-03;56
2019-07-06;44
2019-07-09;37
2019-07-11;37
2019-07-13;45
2019-07-17;36
2019-07-20;19
2019-07-24;9
2019-07-27;9
2019-07-31;36
2019-08-03;55
2019-08-06;23
2019-08-08;14
2019-08-10;16
2019-08-14;24
2019-08-17;16
2019-08-21;8
2019-08-24;59
2019-08-28;51
2019-08-31;51
2019-09-04;19
2019-09-09;27
2019-09-11;16
2019-09-14;60
2019-09-18;33
2019-09-21;53
2019-09-24;33
2019-09-26;57
2019-09-28;8
2019-10-02;16
2019-10-05;24
2019-10-09;56
2019-10-14;29
2019-10-16;56
2019-10-19;38
2019-10-22;28
2019-10-24;13
2019-10-26;43
2019-10-30;34
2019-11-04;32
2019-11-06;21
2019-11-09;42
2019-11-13;43
2019-11-16;30
2019-11-20;32
2019-11-23;11
2019-11-27;27
2019-11-30;51
2019-12-04;7
2019-12-07;18
2019-12-11;21
2019-12-14;24
2019-12-17;16
2019-12-19;16
2019-12-21;57
2019-12-31;38
2020-01-04;23
2020-01-08;14
2020-01-11;49
2020-01-15;23
2020-01-18;1
2020-01-21;2
2020-01-23;9
2020-01-25;19
2020-01-29;6
2020-02-01;39
2020-02-05;4
2020-02-08;31
2020-02-12;45
2020-02-15;47
2020-02-19;14
2020-02-22;7
